Accession,Sex,Label,ASAP,Sequence,INTERNAL,INTERNAL,INTERNAL
1911074,M,agilis 'barbie pink',,------------------tcaataagtttaattattcggatggaattgagatgtcctggtaaatgaattggtaacgatcagttatataattcatttgtaacggctcatgcttttttaataattttttttatagtaataccttttttaattgggggttttggaaattgattaatgccaatgatattaggatctcctgatatggcttttccacgaataaataatattagattttgattattaccttgttctttaatatttttattattaagaaatttatttactataactcctggaactggatggactgtttatcctcctttgtcattatatatatttcatccttcaccttctgttgatattataattttttctttgcatttgtcgggtatatcttcaattttaggggcaataaattttatagtaacaattataataataaaaaatttgtcaataaattttgatcaaattaatttattttcttgatctctttttattactgcagttttattattattatctttaccagtattggcaggagctattactatattattatttgatcgaaatttagatacctctttttttgatccaatgggaggaggtgatccaattttataccaacatttattttg------,,,
1911103,F,agilis7 'dark lavender',,--------------------------tttaattattcgtatagaattaagatgccctggtaaatgaattggtaatgatcagttgtataattcatttgtaacagctcatgcttttttaataattttttttatagtaataccttttttaattgggggttttggaaattgattaataccaatgatattaggatctcctgatatggcttttccacgaataaataatattagattttgattattaccttgttctttaatatttttattattaagtaatttatttactataactcctggaactggatgaactatttatcctcctttgtcattatatatatttcatccttcaccttctgttgatattataattttttctttacatttgtcaggaatatcatcaattttaggggcaataaattttatagttacaattataataataaaaaatttgtcaataaattttgatcagattaatttattttcctgatctctttttattactgcagttttattattattatctttaccagtattagcaggggctattactatattgttatttgatcgaaatttaaatacctctttttttgatccaatgggaggaggtgatccaattttatatcaacatttattttg------,,,
1911108,F,agilis7 'dark lavender',,---------------------------------------------------------------------------------------------------------------tttttaataattttttttatagtaataccttttttaattgggggttttggaaattgattaataccaatgatattaggatctcctgatatggcttttccacgaataaataatattagattttgattattaccttgttctttaatatttttattattaagtaatttatttactataactcctggaactggatgaactatttatcctcctttgtcattatatatatttcatccttcaccttctgttgatattataattttttctttacatttgtcaggaatatcatcaattttaggggcaataaattttatagttacaattataataataaaaaatttgtcaataaattttgatcagattaatttattttcctgatctctttttattactgcagttttattattattatctttaccagtattagcaggggctattactatattgttatttgatcgaaatttaaatacctctttttttgatccaatgggaggaggtgatccaattttatatcaacatttattttg------,,,
1927593,M,agilis5 'light lavender',,---------------acttcaataagtttaattattcgtatggaattnagatgtcctggtaaatgaattggcaatgatcagttatataactcatttgtaacagctcatgcttttttgataattttttttatagtaataccttttttaattgggggttttggaaattgattaatgccaatgatattaggatctcctgatatggcttttccacgaataaataatattagattttgattattaccttgttctttaatatttttattattaagaaatttatttactataactcctggaactggatggactgtttatcctcctttatcattgtatatatttcatccttcaccttctgttgatattataattttttctttgcatttgtcaggaatatcttcaattttaggggcaataaattttatagttacaattataataataaaaaatttgtcaataaattttgatcaaattaatttattttcttgatctctttttattactgcagttttattattattatctttaccggtattagcaggggctatcactatattattatttgatcgaaatttaaatacctctttttttgatccaatgggaggaggtgatccaattttatatcaacatttattttg------,,,
1927766,F,agilis4 'bright purple',,--------------------------tttaattattcggatggaattaacatgtcctggtaaatgaattggcaacgatcagttatataactcatttgtaacagctcatgcttttttaataattttttttatagtaataccttttttaattgggggttttggaaattgattaatgccaatgatattaggatctcctgatatggcttttccacaaataaataacattagattttgattattaccttgctctttaatatttttattattaagaaatttatttactataactcctggaactggatggactgtttatcctcctttgtcattatatatatttcatccttcaccttctgttgatattataattttttctttgcatttggcgggaatatcctcaattttaggggcaataaattttatagtaacaattataataataaaaaatttgtcaataaattttgatcaaattaatttattttcttgatctctttttatcactgcagttctattattattatctttaccggtattggcaggagctatcactatattatcatttgatcgaaatttaaatacctctttctttgagccgatgggaggaggtgatccaattctatacccacatttattctgat----,,,
1927798,M,agilis5 'light lavender',,--------------------------tttaattattcgtatggaattaagatgtcctggtaaatgaattggcaatgatcagttatataactcatttgtaacagctcatgcttttttgataattttttttatagtaataccttttttaattgggggttttggaaattgattaatgccaatgatattaggatctcctgatatggcttttccacgaataaataatattagattttgattattaccttgttctttaatatttttattattaagaaatttatttactataactcctggaactggatggactgtttatcctcctttatcattgtatatatttcatccttcaccttctgttgatattataattttttctttgcatttgtcaggaatatcttcaattttaggggcaataaattttatagttacaattataataataaaaaatttgtcaataaattttgatcaaattaatttattttcttgatctctttttattactgcagttttattattattatctttaccggtattagcaggggctatcactatattattatttgatcgaaatttaaatacctctttttttgatccaatgggaggaggtgatccaattttatatcaacatttattttgat----,,,
1927860,M,agilis5 'light lavender',,---------------acttcaataagtttaattattcgtatggaattaagatgtcctggtaaatgaattggcaatgatcagttatataactcatttgtaacagctcatgcttttttgataattttttttatagtaataccttttttaattgggggttttggaaattgattaatgccaatgatattaggatctcctgatatggcttttccacgaataaataacattagattttgattattaccttgttctttaatatttttattattaagaaatttatttactataactcctggaactggatggactgtttatcctcctttatcattgtatatatttcatccttcaccttctgttgatattataattttttctttgcatttgtcaggaatatcttcaattttaggggcaataaattttatagttacaattataataataaaaaatttgtcaataaattttgatcaaattaatttattttcttgatctctttttattactgcagttttattattattatctttaccggtattagcaggggctatcactatattattatttgatcgaaatttaaatacctctttttttgatccaatgggaggaggtgatccaattttatatcaacatttattttg------,,,
1927868,M,agilis3 'basal',,------------------------------------------------------------------------------------tataattcatttgtaacggctcatgcttttttaataattttttttatagtaataccttttttaattgggggttttggaaattgattaatgccaatgatattaggatctcctgatatggcttttccacgaataaataatattagattttgattattaccttgttctttaatatttttattattaagaaatttatttactataactcctggaactggatggactgtttatcctcctttgnnannnnnnntatttcatccttcaccttctgnnnnnnnnnnaattttttctttgcatttgtcaggaatatcttcaattttaggggcaataaattttatagtaacaattataataataaaaaatttgtcaataaattttgatcaaattaatttattttcttgatctctttttattactgcagttttattattattatctttaccagtattggcaggagctattactatattattatttgatcgaaatttaaatacctctttttttgatccaatgggaggaggtgatccaattttatatcaacatttattttg------,,,
2018684,M,agilis 'grape',,--------------------------tttaattattcggatggaattgagatgccctggtaaatgaattggtaacgatcagttatataattcatttgtaacggctcatgcttttttaataattttttttatagtaataccttttttaattgggggttttggaaattgattaatgcccatgaaattaggatctcctgatatggcttttcccccaataaataatattagattttgattattaccttgttctttaatatttttattattaagaaatttatttactataactcctggaactggatgaactgtttatcctcctttgtcattatatatatttcatccttcaccttctggtgatattataattttttctttccatttgtcgggaatatcttcaattttaggggcaataaattttatagtaacaattataataataaaaaatttgccaatcaattttgatcaaattaatttattttcttgatctctttttattactgcagttttattattattatctttaccagtattggcaggggctattactatattattatttgatccaaatttaaatccctctttttttgatccaaaggaaggaggtgatccgattttataccaccatttattttg------,,,
2019940,F,agilis5 'light lavender',,----------------------------------------------------------------gaattggnaatgatcagttatataattcatttgtaacngctcatgcttttttaataattttttttatagtaataccttttttaattgggggttttggaaattgattaatgccaatgatattaggatctcctgatatggcttttccacgaataaataacattagattttgattattaccttgttctttaatatttttattattaagaaatttatttactataactcctggaactggatggactgtttatcctcctttatcattgtatatatttcatccttcaccttctgttgatattattattttttctttgcatttgtcaggaatatcttcaattttaggggcaataaattttatagtnacaattataataataaaaaatttgtcaataaattttgatcaaattaatttattttcttgatctctttttattactgcagttttattattattatctttaccgg----------------------------------------------------------------------------------------------------------------,,,
2019952,F,agilis3 'basal',,-------------------------------------------------------------------------------------ataactcatttgtaacggctcatgcttttttgataattttttttatagtaataccttttttaattgggggttttggaaattgattaatgccaatgatattaggatctcctgatatggcttttccacgaataaataatattagattttgattattaccttgttctttaatatttttattattaagaaatttatttactataactcctggaactggatggactgtttatcctcctttnnnnnnnnnnatnnttcatccttcaccttctgnnnnnnnnnnaattttttctttgcatttgtcaggaatatcttcaattttaggggcaataaattttatagtaacaattataataataaaaaatttgtcaataaattttgatcaaattaatttattttcttgatctctttttattactgcagttttattattattatctttaccagtattagcaggagctattactatattattatttgatcgaaatttaaatacctctttttttgatccaatgggaggaggtgatccaattttatatcaacatttattttg------,,,
2019953,F,agilis5 'light lavender',,-------------------------------------gtatggaattaagatgtcctggtaaatgaattggcaatgatcagttatataactcatttgtaacagctcatgcttttttgataattttttttatagtaataccttttttaattgggggttttggaaattgattaatgccaatgatattaggatctcctgatatggcttttccacgaataaataacattagattttgattattaccttgttctttaatatttttattattaagaaatttatttactataactcctggaactggatggactgtttatcctcctttatcattgtatatatttcatccttcaccttctgttgatattataattttttctttgcatttgtcaggaatatcttcaattttaggggcaataaattttatagttacaattataataataaaaaatttgtcaataaattttgatcaaattaatttattttcttgatctctttttattactgcagttttattattattatctttaccggtattagcaggggctatcactatattattatttgaccgaaatttaaatacctctttttttgatccaatgggaggaggtgatccaattttatatcaacatttattttg------,,,
2019979,M,agilis4 'bright purple',,--------------------------tttaattattcggatggaattaagatgtcctggtaaatgaattggtaacgatcagttatataattcatttgtaacggctcatgcttttttaataattttttttatagtaataccttttttaattgggggttttggaaattgattaatgccaatgatattaggatctcctgatatggcttttccacgaataaataacattagattttgattattaccttgttctttaatatttttattattaagaaatttatttactataactcctggaactggatggactgtttatcctcctttgtcattgtatatatttcatccttcaccttctgttgatattataattttttctttgcatttgtcgggaatatcttcaattttaggggcaataaattttatagtaacaattataataataaaaaatttgtcaatcaattttgatcaaattaatttattttcttgatctctttttattactgcagttttattattattatctttaccggtattggcaggagctatcactatattattatttgaccgaaatttaaatacctctttttttgatccaatgggaggaggtgatccaattttataccaacatttattttgat----,,,
2019982,M,agilis5 'light lavender',,---------------acttcaataagtttaattattcgtatggaattaagatgtcctggtaaatgaattggcaatgatcagttatataactcatttgtaacagctcatgcttttttgataattttttttatagtaataccttttttaattgggggttttggaaattgattaatgccaatgatattaggatctcctgatatggcttttccacgaataaataacattagattttgattattaccttgttctttaatatttttattattaagaaatttatttactataactcctggaactggatggactgtttatcctcctttatcattgtatatatttcatccttcaccttctgttgatattataattttttctttgcatttgtcaggaatatcttcaattttaggggcaataaattttatagttacaattataataataaaaaatttgtcaataaattttgatcaaattaatttattttcttgatctctttttattactgcagttttattattattatctttaccggtattagcaggggctatcactatattattatttgatcgaaatttaaatacctctttttttgatccaatgggaggaggtgatccaattttatatcaacatttattttg------,,,
2029772,M,agilis5 'light lavender',,--------------------------tttaattattcgtatggaattaagatgtcctggtaaatgaattggcaatgatcagttatataactcatttgtaacagctcatgcttttttgataattttttttatagtaataccttttttaattgggggttttggaaattgattaatgccaatgatattaggatctcctgatatggcttttccacgaataaataatattagattttgattattaccttgttctttaatatttttattattaagaaatttatttactataactcctggaactggatggactgtttatcctcctttatcattgtatatatttcatccttcaccttctgttgatattataattttttctttgcatttgtcaggaatatcttcaattttaggggcaataaattttatagttacaattataataataaaaaatttgtcaataaattttgatcaaattaatttattttcttgatctctttttattactgcagttttattattattatctttaccggtattagcaggggctatcactatattattatttgatcgaaatttaaatacctctttttttgatccaatgggaggaggtgatccaattttatatcaacatttattttg------,,,
2030744,M,agilis6 'YBB',,-------------------------------------agatggacttaagatgtcctggaaaatgaattggtaatgatcagttgtataactcatttgtaacagctcatgcttttttaataattttttttatagtaataccttttttaattgggggttttggaaattgattaataccaatgatattatgatctcctgatatggcttttccacgaataaataatattagattttgattattaccttgttctttaatatttttattattaagaaatttatttactataactcctggaactggatgaactatttaccctcctttgtcattatatatatttcatccttcaccttctgttgatattataattttttctttacatttgtcaggaatatcttcaattttaggggcaataaattttatagttacaattataataataaaaaatttgtcaataaattttgatcaaattaatttattttcctgatctctttttattactgcagttttattattattatctttaccagtattagcaggggctattactatattattatttgatcgaaatttaaatacctctttttttgatccaatgggaggaggtgatccaattttatatcaacatttattttg------,,,
2030961,M,agilis5 'light lavender',,-------------------------------------gtatggaattnagatgtcctggtaaatgaattggcaatgatcagttatataactcatttgtaacagctcatgcttttttgataattttttttatagtaataccttttttaattgggggttttggaaattgattaatgccaatgatattaggatctcctgatatggcttttccacgaataaataatattagattttgattattaccttgttctttaatatttttattattaagaaatttatttactataactcctggaactggatggactgtttatcctcctttatcattgtatatatttcatccttcaccttctgttgatattataattttttctttgcatttgtcaggaatatcttcaattttaggggcaataaattttatagttacaattataataataaaaaatttgtcaataaattttgatcaaattaatttattttcttgatctctttttattactgcagttttattattattatctttaccggtattggcaggggctatcactatattattatttgatcgaaatttaaatacctctttttttgatccaatgggaggaggtgatccaattttatatcaacatttattttg------,,,
2030962,M,agilis7,,---------------acttcaataagtttaattattcgtatagaattaagatgccctggtaaatgaattggtaatgatcagttgtataattcatttgtaacagctcatgcttttttaataattttttttatagtaataccttttttaattgggggttttggaaattgattaataccaatgatattaggatctcctgatatggcttttccacgaataaataatattagattttgattattaccttgttctttaatatttttattattaagnaatttatttactataactcctggaactggatgaactatttatcctcctttgtcattatatatatttcatccttcaccttctgttgatattataattttttctttacatttgtcaggaatatcatcaattttaggggcaataaattttatagttacaattataataataaaaaatttgtcaataaattttgatcagattaatttattttcctgatctctttttattactgcagttttattattattatctttaccagtattagcaggggctattactatattgttatttgatcgaaatttaaatacctctttttttgatccaatgggaggaggtgatccaattttatatcaacatttattttg------,,,
2030974,F,agilis7 'dark lavender',,-----------------------------------------------------------------aattggtaatgatcagttgtataattcatttgtaacagctcatgcttttttaataattttttttatagtaataccttttttaattgggggttttggaaattgattaataccaatgatattaggatctcctgatatggcttttccacgaataaataatattagattttgattattaccttgttctttaatatttttattattaagaaatttatttactataactcctggaactggatgaactgtttatcctcctttgtcattatatatatttcatccttcaccttctgttgatattataattttttctttacatttgtcaggaatatcatcaattttaggggcaataaattttatagttacaattataataataaaaaatttgtcaataaattttgatcaaattaatttattttcctgatctctttttattactgcagttttattattattatctttaccagtattagcaggggctattactatattgttatttgatcgaaatttaaatacctctttttttgatccaatgggaggaggtgatccaattttatatcaacatttattttg------,,,
2031176,M,alone 'basal',,--------------------------tttaattattcggatggaattaacatgtcctggtaaatgaattggtaacgatcagctatataattcatttgtaacggctcatgcttttttaataattttttttatagtaataccttttttaattgggggttttggaaattgattaatgccaatgatattaggatctcctgatatggcttttcctcgaataaataatattagattttgattattaccttgttctttaatgtttttattattaagaaatttatttactataactcctggaactggatggactgtttatcctcctttgtcattatatatatttcatccttcaccttctgttgatattataattttttctttacatttgtctggaatatcttcaattttaggagcaataaattttatagtaacaattataataataaaaaatttgtcaataaattttgatcaagttaatttattttcttgatcactttttattactgcagttttattactgttatctttaccggtattggcaggagctattactatattattatttgatcgaaatttaaatacttcattttttgatccaatgggaggaggtgatccaattttatatcaacatttattttgat----,,,
2031179,M,alone 'YBB',,-----------------------------------------------------tcctggtaaatgaattggtaatgatcagttgtataactcatttgtaacagctcatgcttttttgataattttttttatagtaataccttttttaattgggggttttggaaattgattaataccaatgatattaggatctcctgatatggcttttccacgaataaataatattagattttgattattaccttgttctttaatatttttattattaagaaatttatttactataactcctggaactggatgaactatttaccctcctttgtcattatatatatttcatccttcaccttctgttgatattataattttttctttacatttgtcaggaatatcttcaattttaggggcaataaattttatagttacaattataataataaaaaatttgtcaataaattttgatcaaattaatttattttcctgatctctttttattactgcagttttattattattatctttaccagtattagcaggggctattactatattattatttgatcgaaatttaaatacctctttttttgatccaatgggaggaggtgatccaattttatatcaacatttattttg------,,,
2033052,M,agilis7 'dark lavender',,--------------------------tttaattattcgtatagaattaagatgccctggaaaatgaattggtaatgatcagttgtataattcatttgtaacagctcatgcttttttaataattttttttatagtaataccttttttaattgggggttttggaaattgattaataccaatgatattaggatctcctgatatggcttttccacgaataaataatattagattttgattattaccttgttctttaatatttttattattaagtaatttatttactataactcctggaactggatgaactatttatcctcctttgtcattatatatatttcatccttcaccttctgttgatattataattttttctttacatttgtcaggaatatcatcaattttaggggcaataaattttatagttacaattataataataaaaaatttgtcaataaattttgatcagattaatttattttcctgatctctttttattactgcagttttattattattatctttaccagtattagcaggggctattactatattgttatttgatcgaaatttaaatacctctttttttgatccaatgggaggaggtgatccaattttatatcaacatttattttgat----,,,
2033053,M,agilis7 'dark lavender',,---------------acttcaataagtttaattattcgtatagaattaagatgccctggtaaatgaattggtaatgatcagttgtataattcatttgtaacagctcatgcttttttaataattttttttatagtaataccttttttaattgggggttttggaaattgattaataccaatgatattaggatctcctgatatggcttttccacgaataaataatattagattttgattattaccttgttctttaatatttttattattaagnaatttatttactataactcctggaactggatgaactatttatcctcctttgtcattatatatatttcatccttcaccttctgttgatattataattttttctttacatttgtcaggaatatcatcaattttaggggcaataaattttatagttacaattataataataaaaaatttgtcaataaattttgatcagattaatttattttcctgatctctttttattactgcagttttattattattatctttaccagtattagcaggggctattactatattgttatttgatcgaaatttaaatacctctttttttgatccaatgggaggaggtgatccaattttatatcaacatttattttg------,,,
2033084,F,subagilis 'by peach',,------ataattggnacttcaataagatttattattcgnatagaattaagatgtccaggnaaatgaattggnaatgatcaattatataattcatttgttacagctcatgcttttttaataattttttttatagttataccttttttaattggaggatttggaaattgattaatacctataatattaggatctcctgatatagcattcccacgaataaataatattagattttgattattaccttgttctttattatttttattantaagaaatttatttactataactcctggaacnggatgaactgtttatcctcctttatcntcttatatatttcatccttctccntcngtngatattataattttttctttacatttatcgggaatatcntcnattttaggttcaataaattttatagtaacnattataataataaaaaatttntcaaaaatttatgatcaaattaatttatttncntgatcnnnntttattacngctnttttattattattatctttaccagtnttggcnggagc-attactatnttataatttgatcgaaattnaaacactccnntttnggacccaatgggagggggnnancc-attttatacca-catttattttg------,,,
2033116,M,agilis6 'YBB',,-------------------------------------ggatggagttaagatgtcctggtaaatgaattggtaatgatcagttgtataactcatttgtaacagctcatgcttttttgataattttttttatagtaataccttttttaattgggggttttggaaattgattaataccaatgatattaggatctcctgatatggcttttccacgaataaataatattagattttgattattaccttgttctttaatatttttattattaagaaatttatttactataactcctggaactggatgaactatttaccctcctttgtcattatatatatttcatccttcaccttctgttgatattataattttttctttacatttgtcaggaatatcttcaattttaggggcaataaattttatagttacaattataataataaaaaatttgtcaataaattttgatcaaattaatttattttcctgatctctttttattactgcagttttattattattatctttaccagtattagcaggggctattactatattattatttgatcgaaatttaaatacctctttttttgatccaatgggaggaggtgatccaattttatatcaacatttattttg------,,,
2033186,M,agilis6 'YBB',,-------------------------------------gtatagaattaagatgtcctggtaaatgaattggtaatgatcagttgtataattcatttgtaacagctcatgcttttttaataattttttttatggtaataccttttttaattgggggttttgggaattgattaataccaatgatattaggatctcctgatatggcttttccacgaataaataatattagattttgattattaccttgttctttaatatttttattattaagtaatttatttactataactcctggaactggatgaactatttatcctcctttgtcattatatatttttcatccttcaccttctgttgatattataattttttctttacatttgtcaggaatatcctcaattttaggggcaataaattttatagttacaattataataataaaaaatttgtcaataaattttgatcagattaatttattttcctgatctctttttattactgcagttttactattgttatctttaccagtattagcaggggctattactatgttgttgtttgatcgaaatttaaatacctctttttttgatccaatgggaggaggtgatccaattttatatcaacatttattttg------,,,
2119346,M,agilis7 'dark lavender',,--------------------------tttaattattcgtatagaattaagatgccctggtaaatgaattggtaatgatcagttgtataattcatttgtaacagctcatgcttttttaataattttttttatagtaataccttttttaattgggggttttggaaattgattaataccaatgatattaggatctcctgatatggcttttccacgaataaataatattagattttgattattaccttgttctttaatatttttattattaagtaatttatttactataactcctggaactggatgaactatttatcctcctttgtcattatatatatttcatccttcaccttctgttgatattataattttttctttacatttgtcaggaatatcatcaattttaggggcaataaattttatagttacaattataataataaaaaatttgtcaataaattttgatcagattaatttattttcctgatctctttttattactgcagttttattattattatctttaccagtattagcaggggctattactatattgttatttgatcgaaatttaaatacctctttttttgatccaatgggaggaggtgatccaattttatatcaacatttattttgat----,,,
18001001,F,agilis5 'light lavender',,------------------------------------------------------------aaatgaattggnaatgatcagttatataantcatttgtaacagctcatgcttttttgataattttttttatagtaataccttttttaattggggggtttggaaattgattaataccaatgatattaggatctcctgatatggcttttccacgaataaataacattagattttgattattaccttgttctttaatatttttattattaagaaatttatttactataactcctggaactggatggactgtttatcctcctttatcattgtatatatttcatccttcaccttctgttgatattataattttttctttgcatttgtcaggaatatcttcaattttaggggcaataaattttatagttacaattataataataaaaaatttgtcaataaattttgatcaaattaatttattttcttgatctctttttattactgcagttttattattattatctttaccggtattagcaggggctatcactatattattatttgatcgaaatttaaatacctctttttttgatccaatgggaggaggtgatccaattttatatcaacatttattttg------,,,
18030003,F,subagilis 'by peach',,--------------------------tttaatcattcggatggaattgagatgtcctggtaaatgaattggtaacgatcagttatataattcatttgtcacggctcatgcttttttaataattttttttatagcaataccttttttaagtgggggttttggaaattgattaatgccaatgatattaggatctcctgatttggcttttccacaaaaaaataaaattagattttgattattaccttgttctttaatatttttattattaagaaatttatttactacagctcctggaactggatggactgcttctcctcctttgtcattatatatatctcctccttcaccttctgttgatattattattttttctttgcattggacgggtatatcttcaagggtaggggcattaaattttatagtaacaattataataataaaaaatttgtcaataaattttgatcaaattattttattttcttgatctctttttattactgcagttttattattattatctttaccaggattggcaggagctattactatattattatttgatcgaaatttaaattcctctttttttgatccaatgggaggaggtgatccaattttataccaacatttattttg------,,,
18064001,F,agilis4 'bright purple',,--------------------------tttaattattcggatggaattgagatgtcctggtaaatgaattggtaacgatcagttatataattcatttgtaacggctcatgcttttttaataattttttttatagtaataccttttttaattgggggttttggaaattgattaatgccaatgatattaggatctcctgatatggcttttccacgaataaataatattagattttgattattaccttgttctttaatatttttattattaagaaatttatttactataactcctggaactggatggactgtttatcctcctttgtcattatatatatttcatccttcaccttctgttgatattataattttttctttgcatttgtcgggaatatcttcaattttaggggcaataaattttatagtaacaattataataataaaaaatttgtcaataaattttgatcaaattaatttattttcttgatctctttttattactgcagttttattattattatctttaccggtattggcaggagctatcactatattattatttgatcgaaatttaaatacctctttttttgatccaatgggaggaggtgatccaattttataccaacatttattttgat----,,,
18161001,F,agilis5 'light lavender',,-------------------------------------------------------------aatgaattggcaatgatcagttatataactcatttgtaacagctcatgcttttttgataattttttttatagtaataccttttttaattgggggttttggaaattgattaatgccaatgatattaggatctcctgatatggcttttccacgaataaataacattagattttgattattaccttgttctttaatatttttattattaagaaatttatttactataactcctggaactggatggactgtttatcctcctttatcattgtatatatttcatccttcaccttctgttgatattataattttttctttgcatttgtcaggaatatcttcaattttaggggcaataaattttatagttacaattataataataaaaaatttgtcaataaattttgatcaaattaatttattttcttgatctctttttattactgcagttttattattattatctttaccggtattagcaggggctatcactatattattatttgatcgaaatttaaatacctctttttttgatccaatgggaggaggtgatccaattttatatcaacatttattttg------,,,
18187007,F,agilis5 'light lavender',,------------------------------------------------------cctggtaaatgaattggcaatgatcagttatataactcatttgtaacagctcatgcttttttgataattttttttatagtaataccttttttaattgggggttttggaaattgattaatgccaatgatattaggatctcctgatatggcttttccacgaataaataatattagattttgattattaccttgttctttaatatttttattattaagaaatttatttactataactcctggaactggatggactgtttatcctcctttgtcattatatatatttcatccttcaccttctgttgatattataattttttctttgcatttgtcaggaatatcttcaattttaggggcaataaattttatagttacaattataataataaaaaatttgtcaataaattttgatcaaattaatttattttcttgatctctttttattactgcagttttattattattatctttaccagtattagcaggggctattactatattattatttgatcgaaatttaaatacctctttttttgatccaatgggaggaggtgatccaattttatatcaacatttattttg------,,,
X,F,robustior,,,,,
18050008,F,robustior,,ctgggtataattggtacttctatgagtttaattattcgaatagagttaaggtgtccaggtaaatgaattggtaatgatcaattgtataattcatttgtaacggctcatgcttttttaataattttttttatagtaataccttttttaattgggggttttggaaattgattaataccaataatattgggatctcctgatatggcttttcctcgaataaataatattagattttgattattaccttgttctttgatgtttttattattgagaaatttatttactataactcctggaactggatgaactgtttatcctcctttatcatcttatatatttcatccttctccttctgttgatgttataattttttctttacatttatctggtatatcttctattttaggggcaataaattttatggttacaattataataataaaaaatttgtcaataaattttgatcagattaatttattttcttgatctctttttattactgcggttttattattattatctttaccagtgttggcaggtgctattactatgttattatttgatcggaatttaaatacctctttttttgatccgatgggaggaggtgatccgattttatatcagcatttattttg------,Lori Humphreys,18.050.008,
2036160,F,robustior,,--------aattggtacttctatgagtttaattattcgaatagagttaaggtgtccaggtaaatgaattggtaatgatcaattgtataattcatttgtaacggctcatgcttttttaataattttttttatagtaataccttttttaattgggggttttggaaattgattaataccaataatattgggatctcctgatatggcttttcctcgaataaataatattagattttgattattaccttgttctttgatgtttttattattgagaaatttatttactataactcctggaactggatgaactgtttatcctcctttatcatcttatatatttcatccttctccttctgttgatgttataattttttctttacatttatctggtatatcttcgattttaggggcaataaattttatggttacaattataataataaaaaatttgtcaataaattttgatcagattaatttattttcttgatctctttttattactgcggttttattattattatctttaccagtgttggcaggtgctattactatgttattatttgatcgaaatttaaatacctctttttttgatccgatgggaggaggtgatccaattttatatcaacatttattttg------,,,
2030441,F,robustior,,--------aattggtacttctatgagtttaattattcgaatagagttaaggtgtccaggtaaatgaattggtaatgatcaattgtataattcatttgtaacggctcatgcttttttaataattttttttatagtaataccttttttaattgggggttttggaaattgattaataccaataatattgggatctcctgatatggcttttcctcgaataaataatattagattttgattattaccttgttctttgatgtttttattattgagaaatttatttactataactcctggaactggatgaactgtttatcctcctttatcatcttatatatttcatccttctccttctgttgatgttataattttttctttacatttatctggtatatcttcgattttaggggcaataaattttatggttacaattataataataaaaaatttgtcaataaattttgatcagattaatttattttcttgatctctttttattactgcggttttattattattatctttaccagtgttggcaggtgctattactatgttattatttgatcgaaatttaaatacctctttttttgatccgatgggaggaggtgatccgattttatatcaacatttattttg------,,,
2006026,F,robustior,,--------aattggtacttctatgagtttaattattcgaatagagttaaggtgtccaggtaaatgaattggtaatgatcaattgtataattcatttgtaacggctcatgcttttttaataattttttttatagtaataccttttttaattgggggttttggaaattgattaataccaataatattgggatctcctgatatggcttttcctcgaataaataatattagattttgattattaccttgttctttgatgtttttattattgagaaatttatttactataactcctggaactggatgaactgtttatcctcctttatcatcttatatatttcatccttctccttctgttgatgttataattttttctttacatttatctggtatatcttcgattttaggggcaataaattttatggttacaattataataataaaaaatttgtcaataaattttgatcagattaatttattttcttgatctctttttattactgcggttttattattattatctttaccagtgttggcaggtgctattactatgttattatttgatcgaaatttaaatacctctttttttgatccgatgggaggaggtgatccgattttatatcaacatttattttg------,,,
1927867,M,robustior,,---------------acttctatgagtttaattattcgaatagagttaaggtgtccaggtaaatgaattggtaatgatcaattgtataattcatttgtaacggctcatgcttttttaataattttttttatagtaataccttttttaattgggggttttggaaattgattaataccaataatattgggatctcctgatatggcttttcctcgaataaataatattagattttgattattaccttgttctttgatgtttttattattgagaaatttatttactataactcctggaactggatgaactgtttatcctcctttatcatcttatatatttcatccttctccttctgttgatgttataattttttctttacatttatctggtatatcttcgattttaggggcaataaattttatggttacaattataataataaaaaatttgtcaataaattttgatcagattaatttattttcttgatctctttttattactgcagttttattattattatctttaccagtgttggcaggtgctattactatgttattatttgatcgaaatttaaatacctctttttttgatccgatgggaggaggtgatccgattttatatcaacatttattttg------,,,
2017672,M,robustior,,---------------acttctatgagtttaattattcgaatagagttacggtgtccaggtaaatgaattggtaatgatcaattgtataattcatttgtaacggctcatgcttttttaataattttttttatagtaataccttttttaattgggggttttggaaattgattaataccaataatattgggatctcctgatatggcttttcctcgaataaataatattagattttgattattaccttgttctttgatgtttttattattgagaaatttatttactataactcctggaactggatgaactgtttatcctcctttatcatcttatatatttcatccttctccttctgttgatgttataattttttctttacatttatctggtatatcttcgattttaggggcaataaattttatggttacaattataataataaaaaatttgtcaataaattttgatcagattaatttattttcttgatctctttttattactgcggttttattattattatctttaccagtgttggcaggtgctattactatgttattatttgatcgaaatttaaatacctctttttttgatccgatgggaggaggtgatccaattttatatcaacatttattttg------,,,
2019988,M,robustior,,------------------tctatgagtttaattattcgaatagagttaaggtgtccaggtaaatgaattggtaatgatcaattgtataattcatttgtaacggctcatgcttttttaataattttttttatagtaataccttttttaattgggggttttggaaattgattaataccaataatattgggatctcctgatatggcttttcctcgaataaataatattagattttgattattaccttgttctttgatgtttttattattgagaaatttatttactataactcctggaactggatgaactgtttatcctcctttatcatcttatatatttcatccttctccttctgttgatgttataattttttctttacatttatctggtatatcttcgattttaggggcaataaattttatggttacaattataataataaaaaatttgtcaataaattttgatcagattaatttattttcttgatctctttttattactgcggttttattattattatctttaccagtgttggcaggtgctattactatgttattatttgatcgaaatttaaatacctctttttttgatccgatgggaggaggtgatccgattttatatcaacatttattttg------,,,
2045642,F,communis,,--------agttggtacttcaataagtttaattattcgtatagagttgaggtgtcctggtaaatgaattaataatgatcaattatataattcatttgttacagctcatgcttttttaatgattttttttatggttataccttttttaattgggggttttggtaattgattaataccaataatattaggatctcctgatatagcttttcctcgaatgaataatattagattttgattacttccttgttctttattattattattattaaggaatttatttagggtaactccgggaacaggttgaactatttatcctccattatcatcatatatttttcatccttctccttcagttgatgtaataattttttctttacatttatctggtatatcctcaattttaggggcaataaattttatggtaacaattataataatgaaaaattactctatgaattttgatcagattaatttattttcttgatcattatttattacggctgtcttactattattatctttaccagtgttggcaggtgcaattactatattattatttgatcgtaatttaaatacttcattttttgaccctatagggggtggagatccaattttgtaccagcatttattttg------,,,
2005507,F,communis,,-------------------------------------gtatagagttgaggtgtcctggtaaatgaattaataatgatcaattatataattcatttgttacagctcatgcttttttaataattttttttatggttataccttttttaattgggggttttggtaattgattaataccaataatattaggatctcctgatatagcttttcctcgaatgaataatattagattttgattacttccttgttctttattattattattattaaggaatttatttagggtaactccgggaacaggttgaactatttatcctccattatcatcatatatttttcatccttctccttcagttgatgtaataattttttctttacatttatctggtatatcctcaattttaggggcaataaattttatggtaacaattataataatgaaaaattactctatgaattttgatcagattaatttattttcttgatcattatttattacggctgtcttactattattatctttaccagtgttggcaggtgcaattactatattattatttgatcgtaatttaaatacttcattttttgaccctatagggggtggagatccaattttgtaccagcatttattttg------,,,
2045613,F,communis,,--------agttggtacttcaataagtttaattattcgtatagagttgaggtgtcctggtaaatgaattaataatgatcaattatataattcatttgttacagctcatgcttttttaataattttttttatggttataccttttttaattgggggttttggtaattgattaataccaataatattaggatctcctgatatagctttccctcgaatgaataatattagattttgattacttccttgttctttattattattgttattaaggaatttatttagggtaactccgggaacaggttgaactatttatcctccattatcatcatatatttttcatccttctccttcagttgatgtaataattttttctttacatttatctggtatatcctcaattttaggggcaataaattttatggtaacaattataataatgaaaaattactctatgaattttgatcagattaatttattttcttgatcattatttattacggctgtcttactattattatctttaccagtgttggcaggtgcaattactatattattatttgatcgtaatttaaatacttcattttttgaccctatagggggtggagatccaattttgtaccagcatttattttg------,,,
2042162,M,communis,,-------------------------------------------------------------------------------------------------ttacagctcatgctcttttaataattttttttacggttataccttttttaattgggggttttggtaattgattaataccaataatattaggatctcctgatatagcttttcctcgaatgaataatattagattttgattacttccttgttctttattattattattattaaggaatttatttagggtaactccgggaacaggttgaactatttatcctccattatcatcatatatttttcatccttctccttcagttgatgtaataattttttctttacatttatctggtatatcctcaattttaggggcaataaattttatggtaacaattataataatgaaaaattactctatgaattttgatcagattaatttattttcttgatcattatttattacggctgtcttactattattatctttaccagtgttggcaggtgcaattactatattattatttgatcgtaatttaaatacttcattttttgaccctatagggggtggagatccaattttgtaccagcatttattttg------,,,
2041819,M,communis,,------------------tcaataagtttaattattcgtatagagttgaggtgtcctggtaaatgaattaataatgatcaattatataattcatttgttacagctcatgcttttttaataattttttttatggttataccttttttaattgggggttttggtaattgattaataccaataatattaggatctcctgatatagcttttcctcgaatgaataatattagattttgattacttccttgttctttattattattattattaaggaatttatttagggtaactccgggaacaggttgaactatttatcctccattatcatcatatatttttcatccttctccttcagttgatgtaataattttttctttacatttatctggtatatcctcaattttaggggcaataaattttatggtaacaattataataatgaaaaattactctatgaattttgatcagattaatttattttcttgatcattatttattacggctgtcttactattattatctttaccagtgttggcaggtgcaattactatattattatttgatcgtaatttaaatacttcattttttgaccctatagggggtggagatccaattttgtaccagcatttattttg------,,,
1921399,F,communis,,,,,
2003919,F,lupinus,,,,,
2013525,F,lupinus,,-------------------------------------gaatagaattgaggtgtcctggaaaatgaattggtaatgatcaattatacaattcattcgtaacagctcatgcatttttaataattttttttatagttataccttttttaattggaggatttggaaattggcttataccaataatactaggttctcctgatatagcatttcctcgaataaataatattagattttgattattaccttgttcattgattttattattgctgagaaatttatttacaataactccgggaacaggatgaactatttatcctcctttatcattatttatatttcatccttcaccttccgttgatgttataattttttctttacatttatcaggaatttcatcaattttaggtgcaataaattttatagtaacaattataataataaaaaatctttcaataagttttgatcaaattaatttgttttcttgatctttatttattactgctattttattattattatctttacccgtgttggctggagcaattactatattgttatttgatcgaaatttgaatacttctttttttgatcctataggaggaggggatcctattttataccagcatttgttttg------,,,
2038368,F,stearnsi,,-------------------------------------gtatagaattaagatgtcctggtaaatgaattggtaatgatcaattatataattcatttgtaacagctcatgcttttttaataattttttttatagtaataccttttttaattggaggatttggaaattgattaatacctataatattaggatcacctgatatggcttttcctcgaataaataatattagattttgattattaccttgttcattaatatttttattaataagaaatttatttacaataactccaggaacgggatgaactatttatcctcctttatcattatatatatttcatccttcaccttctgttgacattataattttttctttacatttatctggtatatcttcaattttaggtgcaataaattttatggtaacgattataataataaaaaatttatcaataaattttgatcaaattaatttattttcttgatcactttttattactgctattttattattattatctttaccagtgttggcaggagcaattactatattattatttgatcgaaatttgaatacttcattttttgatccaataggggggggtgatccaattttatatcaacatttattttg------,,,
2023468,F,lupinus,,-------------------------------------gtatagaattaagatgtcctggtaaatgaattggtaatgatcaattatataattcatttgtaacagctcatgcttttttaataattttttttatagtaataccttttttaattggaggatttggaaattgattaatacctataatattaggatcacctgatatggcttttcctcgaataaataatattagattttgattattaccttgttcattaatatttttattaataagaaatttatttacaataactccaggaacgggatgaactatttatcctcctttatcattatatatatttcatccttcaccttctgttgacattataattttttctttacatttatctggtatatcttcaattttaggtgcaataaattttatggtaacgattataataataaaaaatttatcaataaattttgatcaaattaatttattttcttgatcactttttattactgctattttattattattatctttaccagtgttggcaggagcaattactatattattatttgatcgaaatttgaatacttcattttttgatccaataggggggggtgatccaattttatatcaacatttattttg------,,,
2122530,F,rivalis,,------ataattggtacttcaataagtttaattattcggatggaattgagatgtcctggtaaatgaattggtaatgatcagttatataattcatttgtaacagctcatgcttttttaataattttttttatagtaataccttttttaattgggggttttggaaattgattaatgccaataatattaggatctcctgatatggcttttccgcgaataaataatattagattttgattgttgccttgttctttagtatttttattattaagtaatttatttactataactcctggaactggatggactgtttatcctcctttgtcattatatacatttcatccttcgccttctgttgatattataattttttctttacatttgtcgggtatatcttcaattttaggggcaataaattttatagtaacaattataataataaaaaatttgtcaataaattttgatcaaattaatttattttcttgatctctttttattactgcagttttattattattgtctttaccagtgttggcaggagctattactatattattatttgatcggaatttaaatacctctttttttgatccaatggggggtggtgatccaattttatatcaacatttattttg------,,,
2022657,F,rivalis,,------ataattggtacttcaataagtttaattattcggatggaattgagatgtcctggtaaatgaattggtaatgatcagttatataattcatttgtaacagctcatgcttttttaataattttttttatagtaataccttttttaattgggggttttggaaattgattaatgccaataatattaggatctcctgatatggcttttccgcgaataaataatattagattttgattgttgccttgttctttagtatttttattattaagtaatttatttactataactcctggaactggatggactgtttatcctcctttgtcattatatacatttcatccttcgccttctgttgatattataattttttctttacatttgtcgggtatatcttcaattttaggggcaataaattttatagtaacaattataataataaaaaatttgtcaataaattttgatcaaattaatttattttcttgatctctttttattactgcagttttattattattgtctttaccagtgttggcaggagctattactatattattatttgtcggaatttaaatacctctttttttgatccaatggggggtggtgatccaattttatatcaacatttattttg------,,,
1918440,F,rivalis,,------ataattggtacttcaataagtttaattattcggatggaattgagatgtcctggtaaatgaattggtaatgatcagttatataattcatttgtaacagctcatgcttttttaataattttttttatagtaataccttttttaattgggggttttggaaattgattaatgccaataatattaggatctcctgatatggcttttccgcgaataaataatattagattttgattgttgccttgttctttagtatttttattattaagtaatttatttactataactcctggaactggatggactgtttatcctcctttgtcattatatacatttcatccttcgccttctgttgatattataattttttctttacatttgtcgggtatatcttcaattttaggggcaataaattttatagtaacaattataataataaaaaatttgtcaataaattttgatcaaattaatttattttcttgatctctttttattactgcagttttattattattgtctttaccagtgttggcaggagctattactatattattatttgatcggaatttaaatacctctttttttgatccaatggggggtggtgatccaattttatatcaacatttattttg------,,,
2122404,F,rivalis,,------ataattggtacttcaataagtttaattattcggatggaattgagatgtcctggtaaatgaattggtaatgatcagttatataattcatttgtaacagctcatgcttttttaataattttttttatagtaataccttttttaattgggggttttggaaattgattaatgccaatgatattaggatctcctgatatggcttttccgcgaataaataatattagattttgattgttgccttgttctttagtatttttattattaaggaatttatttactataactcctggaactggatggactgtttatcctcctttgtcattatatatatttcatccttcaccttctgttgatattataattttttctttacatttgtcgggtatatcttcaattttaggggcaataaattttatagtaacaattataataataaaaaatttgtcaataaattttgatcaaattaatttattttcttgatctctttttattactgcagttttattattattgtctttaccagtgttggcaggagctattactatattattatttgatcggaatttaaatacctctttttttgatccaatggggggtggtgatccaattttatatcaacatttattttg------,,,
2018658,F,saponellus,,------ataattggtacttcaataagtttaattattcgaatggaattgagatgtcctggtaaatgaattggcaatgatcaattatataattcatttgtaacggctcatgcttttttaataattttttttatagttataccttttttaattgggggttttggaaattggttaatgccaataatattggggtctcctgatatagcttttcctcgtatgaataatattagattttggttgttgccttgttctttagtatttttgttattaagaaatttatttactataactcctggaactggatggactgtttatcctcctttgtcatcttatatatttcatccttctccttctgttgatgttataattttttctttacatttgtctggtatgtcttcaattttgggtgcaataaattttatggtgacaattgcaatgataaaaaatttgtcaataaattttgatcaaattaatttattttcttgatctctttttattactgcggttttattattattatctttaccagtcttggcaggggctattactatattattatttgatcggaatttaaatacttctttctttgatccgatgggagggggtgatccaattttatatcaacatttattttg------,,,
1926561,F,saponellus,,-------------------------------------gaatggaattgagatgtcctggtaaatggattggcaatgatcaattatataattcatttgtaacggctcatgcttttttaataattttttttatagttataccttttttaattgggggttttggaaattggttaatgccaataatattggggtctcctgatatagcttttcctcgtatgaataatattagattttggttgttgccttgttctttagtatttttgttattaagaaatttatttactataactcctggaactggatggactgtttatcctcctttgtcatcttatatatttcatccttctccttctgttgatgttataattttttctttacatttgtctggtatgtcttcaattttgggtgcaataaattttatggtgacaattgcaatgataaaaaatttgtcaataaattttgatcaaattaatttattttcttgatctctttttattactgcggttttattattattatctttaccagtcttggcaggggctattactatattattatttgatcggaatttaaatacttctttctttgatccgatgggagggggtgatccaattttatatcaacatttattttg------,,,
2033004,F,saponellus,,-------------------------------------gaatggaattgagatgtcctggtaaatgaattggcaatgatcaattatataattcatttgtaacggctcatgcttttttaataattttttttatagttataccttttttaattgggggttttggaaattggttaatgccaataatattggggtctcctgatatagcttttcctcgtatgaataatattagattttggttgttgccttgttctttagtatttttgttattaagaaatttatttactataactcctggaactggatggactgtttatcctcctttgtcatcttatatatttcatccttctccttctgttgatgttataattttttctttacatttgtctggtatgtcttcaattttgggtgcaataaattttatggtgacaattgcaatgataaaaaatttgtcaataaattttgatcaaattaatttattttcttgatctctttttattactgcggttttattgttattatctttaccagtcttggcaggggctattactatattattatttgatcggaatttaaatacttctttctttgatccgatgggagggggtgatccaattttatatcaacatttattttg------,,,
2033185,F,utahensis,,------ataattggtacttcaataagtttaattattcgtatggaattaagatgtcctggtaaatgaattggtaatgatcagttatataattcatttgtaacggctcatgcttttttaataattttttttatagtaataccttttttgattgggggttttggaaattggttaatgccaataatattaggatctcctgatatggcttttccacgaatgaataatattagattttgattgttaccttgttctttaatgtttttattattaagaaatttatttactataactcctggaactggatggactgtttatcctcctttgtcattatatatatttcatccttcaccttctgttgatattataattttttctttgcatttgtcgggtatatcttcaattttaggagcaataaattttatagtaacaattataataataaaaaatttgtcaataaattttgatcagattaatttattttcttgatctctttttattactgcagttttattattgttatctttaccagtgttggcaggagctattactatattattatttgatcgaaatttaaatacttctttttttgatccaataggaggaggtgatccaattttatatcaacatttattttg------,,,
2030055,F,utahensis,,-------------------------------------gtatggaattaagatgtcctggtaaatgaattggtaatgatcagttatataattcatttgtaacggctcatgcttttttaataattttttttatagtaataccttttttgattgggggttttggaaattggttaatgccaataatattaggatctcctgatatggcttttccacgaatgaataatattagattttgattgttaccttgttctttaatgtttttattattaagaaatttatttactataactcctggaactggatggactgtttatcctcctttgtcattatatatatttcatccttcaccttctgttgatattataattttttctttgcatttgtcgggtatatcttcaattttaggagcaataaattttatagtaacaattataataataaaaaatttgtcaataaattttgatcagattaatttattttcttgatctctttttattactgcagttttattattgttatctttaccagtgttggcaggagctattactatattattatttgatcgaaatttaaatacttctttttttgatccaataggaggaggtgatccaattttatatcaacatttattttg------,,,
2030936,F,utahensis,,------ataattggtacttcaataagtttaattattcggatggaattaagatgtcctggtaaatgaattggtaacgatcagttatataattcatttgtaacggctcatgcttttttaataattttttttatagtaataccttttttaattgggggttttggaaattgattaatgccaatgatattaggatctcctgatatggcttttcctcgaataaataatattagattttgattattaccttgttctttaatgtttttattattaagaaatttatttactataactcctggaactggatggactgtttatcctcctttgtcattatatatatttcatccttcaccttctgttgatattataattttttctttacatttgtctggaatatcttcaattttaggagcaataaattttatagtaacaattataataataaaaaatttgtcaataaattttgatcaaattaatttattttcttgatctctttttattactgcagttttattattgttatctttaccggtattggcaggagctattactatattattatttgatcgaaatttaaatacttctttttttgatccaatgggaggaggtgatccaattttatatcaacatttattttg------,,,
2031174,M,utahensis,,-------------------------------------gtatggaattgagatgtcctggtaaatgaattggtaacgatcagttatataattcatttgtaacggctcatgcttttttaataattttttttatagtaataccttttttgattgggggttttggaaattggttaatgccaataatattaggatctcctgatatggcttttccacgaataaataatattagattttgattgttaccttgttctttaatgtttttattattaagaaatttatttactataactcctggaactggatggactgtttatccacctttgtcattatatatatttcatccttcaccttctgttgatattataattttttctttgcatttgtcgggtatatcttcaattttaggagcaataaattttatagtaacaattataataataaaaaatttgtcaataaattttgatcaaattaatttattttcttgatctctttttattactgcagttttattgttgttatctttaccagtgttggcaggagctattactatattattatttgatcgaaatttaaatacttctttttttgatccaataggaggaggtgatccaattttatatcaacatttgttttg------,,,
1924132,F,bimatris,,-------taattggtacttcaataagtttaattattcgtatggaattgagatgtcctggtaaatgaattggcaatgatcaattatataattcatttgtaacggctcatgcttttttaataattttttttatagtgataccttttttaattgggggttttggaaattgattaatgccaatgatgttaggatctcctgatatggcttttccacgaataaataatattagattttgattattaccttgttctttaatgtttttattattaagaaatttatttactataactcctggaactggatggactgtttaccctcctttgtcattatatatatttcatccttcaccttctgttgatattataattttttctttacatttgtcaggaatatcttcaattttaggagcaataaattttatagtaacaattataataataaaaaatttgtcaataaattttgatcaaattaatttattttcttgatctctttttattactgcagttttattattgttatctttaccggttttggcaggtgctattactatattattatttgatcgaaatttaaatacctctttttttgatccaatgggaggaggtgatccaattttatatcaacatttattttg------,,,
1925743,F,bimatris,,------ataattggtacttcaataagtttaattattcgtatggaattgagatgtcctggtaaatgaattggcaatgatcaattatataattcatttgtaacggctcatgcttttttaataattttttttatagtgataccttttttaattgggggttttggaaattgattaatgccaatgatgttaggatctcctgatatggcttttccacgaataaataatattagattttgattattaccttgttctttaatgtttttattattaagaaatttatttactataactcctggaactggatggactgtttaccctcctttgtcattatatatatttcatccttcaccttctgttgatattataattttttctttacatttgtcaggaatatcttcaattttaggagcaataaattttatagtaacaattataataataaaaaatttgtcaataaattttgatcaaattaatttattttcttgatctctttttattactgcagttttattattgttatctttaccggttttggcaggtgctattactatattattatttgatcgaaatttaaatacctctttttttgatccaatgggaggaggtgatccaattttatatcaacatttattttg------,,,
1928981,F,bimatris,,------ataattggtacttcaataagtttaattattcgtatggaattgagatgtcctggtaaatgaattggcaatgatcaattatataattcatttgtaacggctcatgcttttttaataattttttttatagtgataccttttttaattgggggttttggaaattgattaatgccaatgatgttaggatctcctgatatggcttttccacgaataaataatattagattttgattattaccttgttctttaatgtttttattattaagaaatttatttactataactcctggaactggatggactgtttaccctcctttgtcattatatatatttcatccttcaccttctgttgatattataattttttctttacatttgtcaggaatatcttcaattttaggagcaataaattttatagtaacaattataataataaaaaatttgtcaataaattttgatcaaattaatttattttcttgatctctttttattactgcagttttattattgttatctttaccggttttggcaggtgctattactatattattatttgatcgaaatttaaatacctctttttttgatccaatgggaggaggtgatccaattttatatcaacatttattttg------,,,
18029014,M,bimatris,,-----------------------------------------------------------------------------tcaattatataattcatttgtaacggctcatgcttttttaataattttttttatagtgataccttttttaattgggggttttggaaattgattaatgccaatgatgttaggatctcctgatatggcttttccacgaataaataatattagattttgattattaccttgttctttaatgtttttattattaagaaatttatttactataactcctggaactggatggactgtttaccctcctttgtcannnnatatatttcatccttcaccttctgttgatattataattttttctttacatttgtcaggaatatcttcaattttaggagcaataaattttatagtaacaattataataataaaaaatttgtcaataaattttgatcaaattaatttattttcttgatctctttttattactgcagttttattattgttatctttaccggttttggcaggtgctattactatattattatttgatcgaaatttaaatacctctttttttgatccaatgggaggaggtgatccaattttatatcaacatttattttg------,Rocky Bessette,,
2046888,M,bimatris,,------------------tcaataagtttaattattcgtatggaattgagatgtcctggtaaatgaattggcaatgatcaattatataattcatttgtaacggctcatgcttttttaataattttttttatagtgataccttttttaattgggggttttggaaattgattaatgccaatgatgttaggatctcctgatatggcttttccacgaataaataatattagattttgattattaccttgttctttaatatttttattattaagaaatttatttactataactcctggaactggatggactgtttatcctcctttgtcattatatatatttcatccttcaccttctgttgatattataattttttctttacatttgtcaggaatatcttcaattttaggagcaataaattttatagtaacaattataataataaaaaatttgtcaataaattttgatcaaattaatttattttcttgatctctttttattactgcagttttattattgttatctttgccggtgttggcaggtgctattactatattattatttgatcgaaatttaaatacctctttttttgatccaataggaggaggtgatccaattttataccaacatttattttg------,,,
18187012,M,bimatris,,--------------------------------------------------------------------------------------------------------tcatgcttttttaataattttttttatagtgataccttttttaattgggggttttggaaattgattaatgccaatgatgttaggatctcctgatatggcttttccacgaataaataatattagattttgattattaccttgttctttaatgtttttattattaagaaatttatttactataactcctggaactggatggactgtttaccctcctttgtcattatatatatttcatccttcaccttcngttgatattataattttttctttacatttgtcaggaatatcttcaattttaggagcaataaattttatagtaacaattataataataaaaaatttgtcaataaattttgatcaaattaatttattttcttgatctctttttattactgcagttttattattgttatctttaccggtattggcaggtgctattactatattattatttgatcgaaatttaaatacctctttttttgatccaatgggaggaggtgatccaattttatatcaacatttattttg------,G.Pederson,,
2031355,M,bimatris,,---------------------------------------------------------------------------------ttgtataattcatttgtaacggctcatgcttttttaataattttttttatagtgataccttttttaattgggggttttggaaattgattaatgccaatgatgttaggatctcctgatatggcttttccacgaataaataatattagattttgattattaccttgttctttaatatttttattattaagaaatttatttactataactcctggaactggatggactgtttatcctcctttgnnnnnnnnngtgtttcatccttcaccttctgaaggggggataattttttctttacatttgtcaggaatatcttcaattttaggagcaataaattttatagtaacaattataataataaaaaatttgtcaataaattttgatcaaattaatttattttcttgatctctttttattactgcagttttgttattgttatctttgccggtgttggcaggtgctattactatattattatttgatcgaaatttaaatacctctttttttgatccaataggaggaggtgatccaattttataccaacatttattttg------,,,
2031201,M,semilupinus,,-------------------------------------------------------------------------------aattgtataattcatttgtaacagctcatgcttttttaataattttttttatagttataccttttttaattggaggttttggaaattgattaataccaataatattaggatctcctgatatggcttttccacgaataaataatattagattttgattattaccttgttctttaatatttttattattaagaaatttatttactataactcctggaaccggatgaactatttatcctcctttatcannnnnnatatttcatccttcaccttctgttnnnnnnataattttttctttacatttgtcgggtatatcttcaattttaggggcaataaattttatagtgacaattataataataaaaaatttgtcaataaattttgatcaaattaatttattttcttgatctctttttattactgcagttttattattattatctttaccagtattggcaggagctattactatattattatttgatcggaatttaaatacctctttttttgatccaataggaggaggtgatccaattttataccaacatttattttg------,,,
1924358,M,semilupinus,,------------------tcaataagtttaattattcgtatggaattaagatgtcctggtaaatggattggtaacgatcaattgtataattcatttgtaacagctcatgcttttttaataattttttttatagttataccttttttaattggaggttttggaaattgattaataccaataatattaggatctcctgatatggcttttccacgaataaataatattagattttgattattaccttgttctttaatatttttattattaagaaatttatttactataactcctggaaccgggtgaactatttatcctcctttatcatcatatatatttcatccttcaccttctgttgatattataattttttctttacatttgtcgggtatatcttcaattttaggggcaataaattttatagtgacaattataataataaaaaatttgtcaataaattttgatcaaattaatttattttcttgatctctttttattactgcagttttattattattatctttaccagtattggcaggagctattactatattattatttgatcggaatttaaatacctctttttttgatccaataggaggaggtgatccaattttataccaacatttattttg------,,,
1913332,F,microstictus,,,Lindh,July 23 2019,Line 21
1907011,M,microstictus,,,Lindh,June 18,lines 1-3
1911624,F,clarkiae,,,Lindh,July 19,lines 13-15
1913361,M,lupinus,,,Lindh,July 24,lines 23 or 24